keywords,action,object,scene,intent_category,note,similar_keywords,url,is_new
image enhancer for ecommerce,enhance,image,,enhance-image,"Improve quality of the image (sharpness, contrast, detail).",improve boost refine enhancement enhancer photo picture pic images photos pictures pics jpg png image for ecommerce,https://unblurimage.ai/blog/ai-image-enhancer-for-ecommerce/,false
best unblur image tool,unblur,image,,unblur-image,Make blurry image clear and readable.,deblur sharpen clarify clear photo picture pic images photos pictures pics jpg png best unblur image tool,https://unblurimage.ai/blog/best-ai-unblur-image-tool/,false
change resolution of a picture,convert,picture,,convert-picture,Convert the picture between formats.,transform turn-into converter change image photo images photos pictures resolution of a picture,https://unblurimage.ai/blog/change-resolution-of-a-picture/,false
enhance blurry video free,enhance,video,,enhance-video,"Improve quality of the video (sharpness, contrast, detail).",improve boost refine enhancement enhancer clip footage movie videos clips mp4 enhance blurry video free,https://unblurimage.ai/blog/enhance-blurry-video-free/,false
enhance text image,enhance,image,,enhance-image,"Improve quality of the image (sharpness, contrast, detail).",improve boost refine enhancement enhancer photo picture pic images photos pictures pics jpg png enhance text image,https://unblurimage.ai/blog/enhance-text-image/,false
fix blurry photo,fix,photo,,fix-photo,Fix defects in the photo.,repair correct image picture images photos pictures fix blurry photo,https://unblurimage.ai/blog/fix-blurry-photo/,false
fix pixlated image online free,fix,image,,fix-image,Fix defects in the image.,repair correct photo picture pic images photos pictures pics jpg png fix pixlated image online free,https://unblurimage.ai/blog/fix-pixlated-image-online-free/,false
focus and motion blur difference,blur,blur,,blur-blur,Apply blur to the blur for focus or privacy.,soften apply-blur blurred focus and motion blur difference,https://unblurimage.ai/blog/focus-and-motion-blur-difference/,false
free image upscaler,upscale,image,,upscale-image,Increase resolution/size of the image without losing quality.,enlarge increase-resolution rescale upscaler resize photo picture pic images photos pictures pics jpg png free image,https://unblurimage.ai/blog/free-ai-image-upscaler/,false
free photo enhancer,enhance,photo,,enhance-photo,"Improve quality of the photo (sharpness, contrast, detail).",improve boost refine enhancement enhancer image picture images photos pictures free photo,https://unblurimage.ai/blog/free-ai-photo-enhancer/,false
free no unlimited image enhancer,enhance,image,,enhance-image,"Improve quality of the image (sharpness, contrast, detail).",improve boost refine enhancement enhancer photo picture pic images photos pictures pics jpg png free no unlimited image,https://unblurimage.ai/blog/free-no-signup-unlimited-image-enhancer/,false
free unblur image online,unblur,image,,unblur-image,Make blurry image clear and readable.,deblur sharpen clarify clear photo picture pic images photos pictures pics jpg png free unblur image online,https://unblurimage.ai/blog/free-unblur-image-online/,false
hd photo converter,convert,photo,,convert-photo,Convert the photo between formats.,transform turn-into converter change image picture images photos pictures hd photo,https://unblurimage.ai/blog/hd-photo-converter/,false
hd video converter,convert,video,,convert-video,Convert the video between formats.,transform turn-into converter change clip footage movie videos clips mp4 hd video,https://unblurimage.ai/blog/hd-video-converter/,false
how to batch remove image blur,remove,image,,remove-image,Remove unwanted parts or artifacts from the image.,erase delete strip remover removal photo picture pic images photos pictures pics jpg png how to batch remove image blur,https://unblurimage.ai/blog/how-to-batch-remove-image-blur/,false
how to fix blurry image,fix,image,,fix-image,Fix defects in the image.,repair correct photo picture pic images photos pictures pics jpg png how to fix blurry image,https://unblurimage.ai/blog/how-to-fix-blurry-image/,false
how to increase image resolution,,image,,general-image,image related utility.,photo picture pic images photos pictures pics jpg png how to increase image resolution,https://unblurimage.ai/blog/how-to-increase-image-resolution/,false
how to make image clearer,unblur,image,,unblur-image,Make blurry image clear and readable.,deblur sharpen clarify clear photo picture pic images photos pictures pics jpg png how to make image clearer,https://unblurimage.ai/blog/how-to-make-image-clearer/,false
how to remove blur from image,remove,image,,remove-image,Remove unwanted parts or artifacts from the image.,erase delete strip remover removal photo picture pic images photos pictures pics jpg png how to remove blur from image,https://unblurimage.ai/blog/how-to-remove-blur-from-image/,false
how to restore old photo,restore,photo,,restore-photo,Restore damaged or old photo.,repair fix recover restoration image picture images photos pictures how to restore old photo,https://unblurimage.ai/blog/how-to-restore-old-photo/,false
how to unblur image online,unblur,image,,unblur-image,Make blurry image clear and readable.,deblur sharpen clarify clear photo picture pic images photos pictures pics jpg png how to unblur image online,https://unblurimage.ai/blog/how-to-unblur-image-online/,false
how to unblur sharpen social images,sharpen,image,,sharpen-image,Sharpen edges/details in the image.,enhance-edges clarify photo picture pic images photos pictures pics jpg png how to unblur sharpen social,https://unblurimage.ai/blog/how-to-unblur-sharpen-social-images/,false
how to unblur video,unblur,video,,unblur-video,Make blurry video clear and readable.,deblur sharpen clarify clear clip footage movie videos clips mp4 how to unblur video,https://unblurimage.ai/blog/how-to-unblur-video/,false
lets enhance review,enhance,,,enhance-general,"Improve quality of the content (sharpness, contrast, detail).",improve boost refine enhancement enhancer lets enhance review,https://unblurimage.ai/blog/lets-enhance-review/,false
make blurry picture clear,unblur,picture,,unblur-picture,Make blurry picture clear and readable.,deblur sharpen clarify clear image photo images photos pictures make blurry picture,https://unblurimage.ai/blog/make-blurry-picture-clear/,false
make picture less blurry,generate,picture,,generate-picture,Generate new picture from prompts or source assets.,create make produce generator creation maker image photo images photos pictures picture less blurry,https://unblurimage.ai/blog/make-picture-less-blurry/,false
old photo restoration online free,restore,photo,,restore-photo,Restore damaged or old photo.,repair fix recover restoration image picture images photos pictures old photo online free,https://unblurimage.ai/blog/old-photo-restoration-online-free/,false
page 2,,,,unknown,,page 2,https://unblurimage.ai/blog/page-2/,false
page 3,,,,unknown,,page 3,https://unblurimage.ai/blog/page-3/,false
page 4,,,,unknown,,page 4,https://unblurimage.ai/blog/page-4/,false
page 5,,,,unknown,,page 5,https://unblurimage.ai/blog/page-5/,false
page 6,,,,unknown,,page 6,https://unblurimage.ai/blog/page-6/,false
page 7,,,,unknown,,page 7,https://unblurimage.ai/blog/page-7/,false
picsart image enhancer review,enhance,image,,enhance-image,"Improve quality of the image (sharpness, contrast, detail).",improve boost refine enhancement enhancer photo picture pic images photos pictures pics jpg png picsart image review,https://unblurimage.ai/blog/picsart-ai-image-enhancer-review/,false
picwish unblur image editor review,unblur,image,,unblur-image,Make blurry image clear and readable.,deblur sharpen clarify clear photo picture pic images photos pictures pics jpg png picwish unblur image editor review,https://unblurimage.ai/blog/picwish-unblur-image-editor-review/,false
remove background save in hd image,remove,image,,remove-image,Remove unwanted parts or artifacts from the image.,erase delete strip remover removal photo picture pic images photos pictures pics jpg png remove background save in hd image,https://unblurimage.ai/blog/remove-background-save-in-hd-image/,false
remove noise from image,remove,image,,remove-image,Remove unwanted parts or artifacts from the image.,erase delete strip remover removal photo picture pic images photos pictures pics jpg png remove noise from image,https://unblurimage.ai/blog/remove-noise-from-image/,false
deblurring,,,,unknown,,deblurring,https://unblurimage.ai/blog/tags/ai-deblurring/,false
image enhancer,enhance,image,,enhance-image,"Improve quality of the image (sharpness, contrast, detail).",improve boost refine enhancement enhancer photo picture pic images photos pictures pics jpg png image,https://unblurimage.ai/blog/tags/ai-image-enhancer/,false
image unblurry,,image,,general-image,image related utility.,photo picture pic images photos pictures pics jpg png image unblurry,https://unblurimage.ai/blog/tags/ai-image-unblurry/,false
image upscaler,upscale,image,,upscale-image,Increase resolution/size of the image without losing quality.,enlarge increase-resolution rescale upscaler resize photo picture pic images photos pictures pics jpg png image,https://unblurimage.ai/blog/tags/ai-image-upscaler/,false
best unblur image tool,unblur,image,,unblur-image,Make blurry image clear and readable.,deblur sharpen clarify clear photo picture pic images photos pictures pics jpg png best unblur image tool,https://unblurimage.ai/blog/tags/best-ai-unblur-image-tool/,false
blurry image,,image,,general-image,image related utility.,photo picture pic images photos pictures pics jpg png blurry image,https://unblurimage.ai/blog/tags/blurry-image/,false
blurry photo,,photo,,general-photo,photo related utility.,image picture images photos pictures blurry photo,https://unblurimage.ai/blog/tags/blurry-photo/,false
ecommerce images,,image,,general-image,image related utility.,photo picture pic images photos pictures pics jpg png ecommerce,https://unblurimage.ai/blog/tags/ecommerce-images/,false
enhance image,enhance,image,,enhance-image,"Improve quality of the image (sharpness, contrast, detail).",improve boost refine enhancement enhancer photo picture pic images photos pictures pics jpg png enhance image,https://unblurimage.ai/blog/tags/enhance-image/,false
enhance low resolution image,enhance,image,,enhance-image,"Improve quality of the image (sharpness, contrast, detail).",improve boost refine enhancement enhancer photo picture pic images photos pictures pics jpg png enhance low resolution image,https://unblurimage.ai/blog/tags/enhance-low-resolution-image/,false
fix blurry image,fix,image,,fix-image,Fix defects in the image.,repair correct photo picture pic images photos pictures pics jpg png fix blurry image,https://unblurimage.ai/blog/tags/fix-blurry-image/,false
focus blur,blur,blur,,blur-blur,Apply blur to the blur for focus or privacy.,soften apply-blur blurred focus blur,https://unblurimage.ai/blog/tags/focus-blur/,false
image enhancement,enhance,image,,enhance-image,"Improve quality of the image (sharpness, contrast, detail).",improve boost refine enhancement enhancer photo picture pic images photos pictures pics jpg png image,https://unblurimage.ai/blog/tags/image-enhancement/,false
image enhancer,enhance,image,,enhance-image,"Improve quality of the image (sharpness, contrast, detail).",improve boost refine enhancement enhancer photo picture pic images photos pictures pics jpg png image,https://unblurimage.ai/blog/tags/image-enhancer/,false
image enhancer page 2,enhance,image,,enhance-image,"Improve quality of the image (sharpness, contrast, detail).",improve boost refine enhancement enhancer photo picture pic images photos pictures pics jpg png image page 2,https://unblurimage.ai/blog/tags/image-enhancer/page-2/,false
image enhancer page 3,enhance,image,,enhance-image,"Improve quality of the image (sharpness, contrast, detail).",improve boost refine enhancement enhancer photo picture pic images photos pictures pics jpg png image page 3,https://unblurimage.ai/blog/tags/image-enhancer/page-3/,false
image enhancer page 4,enhance,image,,enhance-image,"Improve quality of the image (sharpness, contrast, detail).",improve boost refine enhancement enhancer photo picture pic images photos pictures pics jpg png image page 4,https://unblurimage.ai/blog/tags/image-enhancer/page-4/,false
image enhancer page 5,enhance,image,,enhance-image,"Improve quality of the image (sharpness, contrast, detail).",improve boost refine enhancement enhancer photo picture pic images photos pictures pics jpg png image page 5,https://unblurimage.ai/blog/tags/image-enhancer/page-5/,false
motion blur,blur,blur,,blur-blur,Apply blur to the blur for focus or privacy.,soften apply-blur blurred motion blur,https://unblurimage.ai/blog/tags/motion-blur/,false
old photo restoration,restore,photo,,restore-photo,Restore damaged or old photo.,repair fix recover restoration image picture images photos pictures old photo,https://unblurimage.ai/blog/tags/old-photo-restoration/,false
photo enhancement,enhance,photo,,enhance-photo,"Improve quality of the photo (sharpness, contrast, detail).",improve boost refine enhancement enhancer image picture images photos pictures photo,https://unblurimage.ai/blog/tags/photo-enhancement/,false
photo restoration,restore,photo,,restore-photo,Restore damaged or old photo.,repair fix recover restoration image picture images photos pictures photo,https://unblurimage.ai/blog/tags/photo-restoration/,false
remove blur from image,remove,image,,remove-image,Remove unwanted parts or artifacts from the image.,erase delete strip remover removal photo picture pic images photos pictures pics jpg png remove blur from image,https://unblurimage.ai/blog/tags/remove-blur-from-image/,false
remove noise,remove,noise,,remove-noise,Remove unwanted parts or artifacts from the noise.,erase delete strip remover removal grain remove noise,https://unblurimage.ai/blog/tags/remove-noise/,false
restore old photo,restore,photo,,restore-photo,Restore damaged or old photo.,repair fix recover restoration image picture images photos pictures restore old photo,https://unblurimage.ai/blog/tags/restore-old-photo/,false
super resolution,,,,unknown,,super resolution,https://unblurimage.ai/blog/tags/super-resolution/,false
unblur image,unblur,image,,unblur-image,Make blurry image clear and readable.,deblur sharpen clarify clear photo picture pic images photos pictures pics jpg png unblur image,https://unblurimage.ai/blog/tags/unblur-image/,false
unblur image page 2,unblur,image,,unblur-image,Make blurry image clear and readable.,deblur sharpen clarify clear photo picture pic images photos pictures pics jpg png unblur image page 2,https://unblurimage.ai/blog/tags/unblur-image/page-2/,false
unblur image page 3,unblur,image,,unblur-image,Make blurry image clear and readable.,deblur sharpen clarify clear photo picture pic images photos pictures pics jpg png unblur image page 3,https://unblurimage.ai/blog/tags/unblur-image/page-3/,false
unblur image page 4,unblur,image,,unblur-image,Make blurry image clear and readable.,deblur sharpen clarify clear photo picture pic images photos pictures pics jpg png unblur image page 4,https://unblurimage.ai/blog/tags/unblur-image/page-4/,false
unblur image page 5,unblur,image,,unblur-image,Make blurry image clear and readable.,deblur sharpen clarify clear photo picture pic images photos pictures pics jpg png unblur image page 5,https://unblurimage.ai/blog/tags/unblur-image/page-5/,false
unblur image page 6,unblur,image,,unblur-image,Make blurry image clear and readable.,deblur sharpen clarify clear photo picture pic images photos pictures pics jpg png unblur image page 6,https://unblurimage.ai/blog/tags/unblur-image/page-6/,false
unblur photo,unblur,photo,,unblur-photo,Make blurry photo clear and readable.,deblur sharpen clarify clear image picture images photos pictures unblur photo,https://unblurimage.ai/blog/tags/unblur-photo/,false
unblur video,unblur,video,,unblur-video,Make blurry video clear and readable.,deblur sharpen clarify clear clip footage movie videos clips mp4 unblur video,https://unblurimage.ai/blog/tags/unblur-video/,false
video enhancer,enhance,video,,enhance-video,"Improve quality of the video (sharpness, contrast, detail).",improve boost refine enhancement enhancer clip footage movie videos clips mp4 video,https://unblurimage.ai/blog/tags/video-enhancer/,false
top 10 unblur image tool,unblur,image,,unblur-image,Make blurry image clear and readable.,deblur sharpen clarify clear photo picture pic images photos pictures pics jpg png top 10 unblur image tool,https://unblurimage.ai/blog/top-10-unblur-image-ai-tool/,false
turn old family photos into hd memories,,photo,,general-photo,photo related utility.,image picture images photos pictures turn old family into hd memories,https://unblurimage.ai/blog/turn-old-family-photos-into-hd-memories/,false
unblur image iphone,unblur,image,,unblur-image,Make blurry image clear and readable.,deblur sharpen clarify clear photo picture pic images photos pictures pics jpg png unblur image iphone,https://unblurimage.ai/blog/unblur-image-iphone/,false
unblur image online free,unblur,image,,unblur-image,Make blurry image clear and readable.,deblur sharpen clarify clear photo picture pic images photos pictures pics jpg png unblur image online free,https://unblurimage.ai/blog/unblur-image-online-free/,false
unblur low resolution image,unblur,image,,unblur-image,Make blurry image clear and readable.,deblur sharpen clarify clear photo picture pic images photos pictures pics jpg png unblur low resolution image,https://unblurimage.ai/blog/unblur-low-resolution-image/,false
unblur midjourney image,unblur,image,,unblur-image,Make blurry image clear and readable.,deblur sharpen clarify clear photo picture pic images photos pictures pics jpg png unblur midjourney image,https://unblurimage.ai/blog/unblur-midjourney-image/,false
unblur text online free,unblur,text,,unblur-text,Make blurry text clear and readable.,deblur sharpen clarify clear document copy txt pdf word unblur text online free,https://unblurimage.ai/blog/unblur-text-online-free/,false
upscale video online free,upscale,video,,upscale-video,Increase resolution/size of the video without losing quality.,enlarge increase-resolution rescale upscaler resize clip footage movie videos clips mp4 upscale video online free,https://unblurimage.ai/blog/upscale-video-online-free/,false
vance photo editor review,edit,photo,,edit-photo,photo related utility.,editor modify change image picture images photos pictures vance photo review,https://unblurimage.ai/blog/vance-ai-photo-editor-review/,false
why are my photos blurry,,photo,,general-photo,photo related utility.,image picture images photos pictures why are my blurry,https://unblurimage.ai/blog/why-are-my-photos-blurry/,false
blur remover,blur,blur,,blur-blur,Apply blur to the blur for focus or privacy.,soften apply-blur blurred blur remover,https://unblurimage.ai/blur-remover/,false
blur to clear,blur,blur,,blur-blur,Apply blur to the blur for focus or privacy.,soften apply-blur blurred blur to clear,https://unblurimage.ai/blur-to-clear/,false
denoise image,denoise,image,,denoise-image,Reduce noise/grain in the image.,reduce-noise clean-noise clean photo picture pic images photos pictures pics jpg png denoise image,https://unblurimage.ai/denoise-image/,false
es mejorar calidad de imagen,,,,unknown,,es mejorar calidad de imagen,https://unblurimage.ai/es/mejorar-calidad-de-imagen/,false
id perjelas gambar,,,,unknown,,id perjelas gambar,https://unblurimage.ai/id/perjelas-gambar/,false
image enhancer,enhance,image,,enhance-image,"Improve quality of the image (sharpness, contrast, detail).",improve boost refine enhancement enhancer photo picture pic images photos pictures pics jpg png image,https://unblurimage.ai/image-enhancer/,false
image upscaler,upscale,image,,upscale-image,Increase resolution/size of the image without losing quality.,enlarge increase-resolution rescale upscaler resize photo picture pic images photos pictures pics jpg png image,https://unblurimage.ai/image-upscaler/,false
old photo restoration,restore,photo,,restore-photo,Restore damaged or old photo.,repair fix recover restoration image picture images photos pictures old photo,https://unblurimage.ai/old-photo-restoration/,false
photo enhancer,enhance,photo,,enhance-photo,"Improve quality of the photo (sharpness, contrast, detail).",improve boost refine enhancement enhancer image picture images photos pictures photo,https://unblurimage.ai/photo-enhancer/,false
pt melhorar qualidade de imagem,,,,unknown,,pt melhorar qualidade de imagem,https://unblurimage.ai/pt/melhorar-qualidade-de-imagem/,false
ru апскейлинг изображений,,,,unknown,,ru апскейлинг изображений,https://unblurimage.ai/ru/blog/tags/апскейлинг-изображений/,false
ru видео энхансер,,,,unknown,,ru видео энхансер,https://unblurimage.ai/ru/blog/tags/видео-энхансер/,false
ru восстановление старых фото,,,,unknown,,ru восстановление старых фото,https://unblurimage.ai/ru/blog/tags/восстановление-старых-фото/,false
ru восстановление старых фотографий,,,,unknown,,ru восстановление старых фотографий,https://unblurimage.ai/ru/blog/tags/восстановление-старых-фотографий/,false
ru обработка изображений,,,,unknown,,ru обработка изображений,https://unblurimage.ai/ru/blog/tags/обработка-изображений/,false
ru обработка фото,,,,unknown,,ru обработка фото,https://unblurimage.ai/ru/blog/tags/обработка-фото/,false
ru повышение качества фото,,,,unknown,,ru повышение качества фото,https://unblurimage.ai/ru/blog/tags/повышение-качества-фото/,false
ru повышение резкости фото,,,,unknown,,ru повышение резкости фото,https://unblurimage.ai/ru/blog/tags/повышение-резкости-фото/,false
ru повышение четкости видео,,,,unknown,,ru повышение четкости видео,https://unblurimage.ai/ru/blog/tags/повышение-четкости-видео/,false
ru повышение четкости,,,,unknown,,ru повышение четкости,https://unblurimage.ai/ru/blog/tags/повышение-четкости/,false
ru размыть изображение,,,,unknown,,ru размыть изображение,https://unblurimage.ai/ru/blog/tags/размыть-изображение/,false
ru редактор фото,,,,unknown,,ru редактор фото,https://unblurimage.ai/ru/blog/tags/редактор-фото/,false
ru реставрация старых фотографий,,,,unknown,,ru реставрация старых фотографий,https://unblurimage.ai/ru/blog/tags/реставрация-старых-фотографий/,false
ru убирать размытие изображения,,,,unknown,,ru убирать размытие изображения,https://unblurimage.ai/ru/blog/tags/убирать-размытие-изображения/,false
ru увеличение разрешения,,,,unknown,,ru увеличение разрешения,https://unblurimage.ai/ru/blog/tags/увеличение-разрешения/,false
ru улучшение видео,,,,unknown,,ru улучшение видео,https://unblurimage.ai/ru/blog/tags/улучшение-видео/,false
ru улучшение изображений,,,,unknown,,ru улучшение изображений,https://unblurimage.ai/ru/blog/tags/улучшение-изображений/,false
ru улучшение изображений page 2,,,,unknown,,ru улучшение изображений page 2,https://unblurimage.ai/ru/blog/tags/улучшение-изображений/page-2/,false
ru улучшение качества видео,,,,unknown,,ru улучшение качества видео,https://unblurimage.ai/ru/blog/tags/улучшение-качества-видео/,false
ru улучшение качества изображений,,,,unknown,,ru улучшение качества изображений,https://unblurimage.ai/ru/blog/tags/улучшение-качества-изображений/,false
ru улучшение качества фото,,,,unknown,,ru улучшение качества фото,https://unblurimage.ai/ru/blog/tags/улучшение-качества-фото/,false
ru улучшение фото,,,,unknown,,ru улучшение фото,https://unblurimage.ai/ru/blog/tags/улучшение-фото/,false
ru улучшитель изображений,,,,unknown,,ru улучшитель изображений,https://unblurimage.ai/ru/blog/tags/улучшитель-изображений/,false
ru улучшить качество фото,,,,unknown,,ru улучшить качество фото,https://unblurimage.ai/ru/blog/tags/улучшить-качество-фото/,false
ru усилитель изображения,,,,unknown,,ru усилитель изображения,https://unblurimage.ai/ru/blog/tags/усилитель-изображения/,false
ru устранение размытости видео,,,,unknown,,ru устранение размытости видео,https://unblurimage.ai/ru/blog/tags/устранение-размытости-видео/,false
sharpen image,sharpen,image,,sharpen-image,Sharpen edges/details in the image.,enhance-edges clarify photo picture pic images photos pictures pics jpg png sharpen image,https://unblurimage.ai/sharpen-image/,false
text enhancer,enhance,text,,enhance-text,"Improve quality of the text (sharpness, contrast, detail).",improve boost refine enhancement enhancer document copy txt pdf word text,https://unblurimage.ai/text-enhancer/,false
zh tw 舊照片修復,,,,unknown,,zh tw 舊照片修復,https://unblurimage.ai/zh-TW/blog/tags/舊照片修復/,false
zh tw 老照片修復,,,,unknown,,zh tw 老照片修復,https://unblurimage.ai/zh-TW/blog/tags/老照片修復/,false
zh tw 清晰圖像,,,,unknown,,zh tw 清晰圖像,https://unblurimage.ai/zh-TW/blog/tags/清晰圖像/,false
zh tw 視頻清晰化,,,,unknown,,zh tw 視頻清晰化,https://unblurimage.ai/zh-TW/blog/tags/視頻清晰化/,false
zh tw 視頻增強器,,,,unknown,,zh tw 視頻增強器,https://unblurimage.ai/zh-TW/blog/tags/視頻增強器/,false
zh tw 圖片放大器,,,,unknown,,zh tw 圖片放大器,https://unblurimage.ai/zh-TW/blog/tags/圖片放大器/,false
zh tw 圖片清晰度提升,,,,unknown,,zh tw 圖片清晰度提升,https://unblurimage.ai/zh-TW/blog/tags/圖片清晰度提升/,false
zh tw 圖片清晰化,,,,unknown,,zh tw 圖片清晰化,https://unblurimage.ai/zh-TW/blog/tags/圖片清晰化/,false
zh tw 圖片清晰化 page 2,,,,unknown,,zh tw 圖片清晰化 page 2,https://unblurimage.ai/zh-TW/blog/tags/圖片清晰化/page-2/,false
zh tw 圖片增強,,,,unknown,,zh tw 圖片增強,https://unblurimage.ai/zh-TW/blog/tags/圖片增強/,false
zh tw 圖片增強器,,,,unknown,,zh tw 圖片增強器,https://unblurimage.ai/zh-TW/blog/tags/圖片增強器/,false
zh tw 圖像去模糊,,,,unknown,,zh tw 圖像去模糊,https://unblurimage.ai/zh-TW/blog/tags/圖像去模糊/,false
zh tw 圖像增強,,,,unknown,,zh tw 圖像增強,https://unblurimage.ai/zh-TW/blog/tags/圖像增強/,false
zh tw 圖像增強器,,,,unknown,,zh tw 圖像增強器,https://unblurimage.ai/zh-TW/blog/tags/圖像增強器/,false
zh tw 消除模糊影像,,,,unknown,,zh tw 消除模糊影像,https://unblurimage.ai/zh-TW/blog/tags/消除模糊影像/,false
zh tw 修復老照片,,,,unknown,,zh tw 修復老照片,https://unblurimage.ai/zh-TW/blog/tags/修復老照片/,false
zh tw 影片畫質提升,,,,unknown,,zh tw 影片畫質提升,https://unblurimage.ai/zh-TW/blog/tags/影片畫質提升/,false
zh tw 影片畫質增強,,,,unknown,,zh tw 影片畫質增強,https://unblurimage.ai/zh-TW/blog/tags/影片畫質增強/,false
zh tw 影片清晰度提升,,,,unknown,,zh tw 影片清晰度提升,https://unblurimage.ai/zh-TW/blog/tags/影片清晰度提升/,false
zh tw 影片去模糊,,,,unknown,,zh tw 影片去模糊,https://unblurimage.ai/zh-TW/blog/tags/影片去模糊/,false
zh tw 影片增強器,,,,unknown,,zh tw 影片增強器,https://unblurimage.ai/zh-TW/blog/tags/影片增強器/,false
zh tw 影像增強器,,,,unknown,,zh tw 影像增強器,https://unblurimage.ai/zh-TW/blog/tags/影像增強器/,false
zh tw 照片清晰度提升,,,,unknown,,zh tw 照片清晰度提升,https://unblurimage.ai/zh-TW/blog/tags/照片清晰度提升/,false
zh tw ai圖片放大,,,,unknown,,zh tw ai圖片放大,https://unblurimage.ai/zh-TW/blog/tags/ai圖片放大/,false
zh 超分辨率,,,,unknown,,zh 超分辨率,https://unblurimage.ai/zh/blog/tags/超分辨率/,false
zh 旧照片修复,,,,unknown,,zh 旧照片修复,https://unblurimage.ai/zh/blog/tags/旧照片修复/,false
zh 老照片修复,,,,unknown,,zh 老照片修复,https://unblurimage.ai/zh/blog/tags/老照片修复/,false
zh 使图片清晰,,,,unknown,,zh 使图片清晰,https://unblurimage.ai/zh/blog/tags/使图片清晰/,false
zh 视频画质提升,,,,unknown,,zh 视频画质提升,https://unblurimage.ai/zh/blog/tags/视频画质提升/,false
zh 视频画质增强,,,,unknown,,zh 视频画质增强,https://unblurimage.ai/zh/blog/tags/视频画质增强/,false
zh 视频清晰度提升,,,,unknown,,zh 视频清晰度提升,https://unblurimage.ai/zh/blog/tags/视频清晰度提升/,false
zh 视频清晰化,,,,unknown,,zh 视频清晰化,https://unblurimage.ai/zh/blog/tags/视频清晰化/,false
zh 视频去模糊,,,,unknown,,zh 视频去模糊,https://unblurimage.ai/zh/blog/tags/视频去模糊/,false
zh 视频增强器,,,,unknown,,zh 视频增强器,https://unblurimage.ai/zh/blog/tags/视频增强器/,false
zh 图片放大器,,,,unknown,,zh 图片放大器,https://unblurimage.ai/zh/blog/tags/图片放大器/,false
zh 图片清晰度提升,,,,unknown,,zh 图片清晰度提升,https://unblurimage.ai/zh/blog/tags/图片清晰度提升/,false
zh 图片清晰化,,,,unknown,,zh 图片清晰化,https://unblurimage.ai/zh/blog/tags/图片清晰化/,false
zh 图片清晰化 page 2,,,,unknown,,zh 图片清晰化 page 2,https://unblurimage.ai/zh/blog/tags/图片清晰化/page-2/,false
zh 图片去模糊,,,,unknown,,zh 图片去模糊,https://unblurimage.ai/zh/blog/tags/图片去模糊/,false
zh 图片增强,,,,unknown,,zh 图片增强,https://unblurimage.ai/zh/blog/tags/图片增强/,false
zh 图片增强器,,,,unknown,,zh 图片增强器,https://unblurimage.ai/zh/blog/tags/图片增强器/,false
zh 图像清晰化,,,,unknown,,zh 图像清晰化,https://unblurimage.ai/zh/blog/tags/图像清晰化/,false
zh 图像增强,,,,unknown,,zh 图像增强,https://unblurimage.ai/zh/blog/tags/图像增强/,false
zh 图像增强器,,,,unknown,,zh 图像增强器,https://unblurimage.ai/zh/blog/tags/图像增强器/,false
zh 修复老照片,,,,unknown,,zh 修复老照片,https://unblurimage.ai/zh/blog/tags/修复老照片/,false
zh ai去模糊,,,,unknown,,zh ai去模糊,https://unblurimage.ai/zh/blog/tags/ai去模糊/,false
zh ai图片放大,,,,unknown,,zh ai图片放大,https://unblurimage.ai/zh/blog/tags/ai图片放大/,false
content,,,,unknown,,content,https://unblurimage.ai/content-policy/,false
legal notice,,,,unknown,,legal notice,https://unblurimage.ai/legal-notice/,false
of service,,,,unknown,,of service,https://unblurimage.ai/terms-of-service/,false
