keywords,action,object,scene,intent_category,note,similar_keywords,url
image generator,,image,,general-image,image related utility.,photo picture pic image generator,https://www.krea.ai/features/ai-image-generator/
video generator,,video,,general-video,video related utility.,clip footage video generator,https://www.krea.ai/features/ai-video-generator/
upscaler,,,,unknown,,upscaler,https://www.krea.ai/features/ai-upscaler/
enterprise,,,,unknown,,enterprise,https://www.krea.ai/enterprise/
image,,image,,general-image,image related utility.,photo picture pic image,https://www.krea.ai/image/
realtime,,,,unknown,,realtime,https://www.krea.ai/realtime/
video,,video,,general-video,video related utility.,clip footage video,https://www.krea.ai/video/
motion transfer,,,,unknown,,motion transfer,https://www.krea.ai/motion-transfer/
3d,,,,unknown,,3d,https://www.krea.ai/3d/
enhancer,,,,unknown,,enhancer,https://www.krea.ai/enhancer/
edit,,,,unknown,,edit,https://www.krea.ai/edit/
animator,,,,unknown,,animator,https://www.krea.ai/animator/
video restyle,,video,,general-video,video related utility.,clip footage video restyle,https://www.krea.ai/video-restyle/
train,,,,unknown,,train,https://www.krea.ai/train/
assets,,,,unknown,,assets,https://www.krea.ai/assets/
image,,image,,general-image,image related utility.,photo picture pic image,https://www.krea.ai/image/
enhancer,,,,unknown,,enhancer,https://www.krea.ai/features/ai-enhancer/
image,,image,,general-image,image related utility.,photo picture pic image,https://www.krea.ai/image/
video,,video,,general-video,video related utility.,clip footage video,https://www.krea.ai/video/
video,,video,,general-video,video related utility.,clip footage video,https://www.krea.ai/video/
image,,image,,general-image,image related utility.,photo picture pic image,https://www.krea.ai/image/
teams,,,,unknown,,teams,https://www.krea.ai/pricing/teams/
feed,,,,unknown,,feed,https://www.krea.ai/feed/
discord,,,,unknown,,discord,https://www.krea.ai/discord/
nano banana,,,,unknown,,nano banana,https://www.krea.ai/nano-banana/
nodes,,,,unknown,,nodes,https://www.krea.ai/nodes/
lipsync,,,,unknown,,lipsync,https://www.krea.ai/lipsync/
hold product,,,,unknown,,hold product,https://www.krea.ai/apps/edit/hold-product/
flux krea,,,,unknown,,flux krea,https://www.krea.ai/apps/image/flux-krea/
wan t2i,,,,unknown,,wan t2i,https://www.krea.ai/apps/image/wan-t2i/
qwen,,,,unknown,,qwen,https://www.krea.ai/apps/image/qwen/
t shirt design maker,,,,unknown,,t shirt design maker,https://www.krea.ai/apps/image/t-shirt-design-maker/
nano banana pro,,,,unknown,,nano banana pro,https://www.krea.ai/apps/edit/nano-banana-pro/
remove text,remove,text,,remove-text,Remove unwanted parts or artifacts from the text.,erase delete strip document copy remove text,https://www.krea.ai/apps/edit/remove-text/
hairstyle changer,,,,unknown,,hairstyle changer,https://www.krea.ai/apps/edit/ai-hairstyle-changer/
remove object,remove,,,remove-general,Remove unwanted parts or artifacts from the content.,erase delete strip remove object,https://www.krea.ai/apps/edit/remove-object/
change lighting,,,,unknown,,change lighting,https://www.krea.ai/apps/edit/change-lighting/
cartoonify,,,,unknown,,cartoonify,https://www.krea.ai/apps/edit/cartoonify/
colorize,colorize,,,colorize-general,Add or fix color in the content.,add-color recolor colorize,https://www.krea.ai/apps/edit/colorize/
change clothes,,,,unknown,,change clothes,https://www.krea.ai/apps/edit/change-clothes/
architecture,,,,unknown,,architecture,https://www.krea.ai/architecture/
chat,,,,unknown,,chat,https://www.krea.ai/chat/
stage,,,,unknown,,stage,https://www.krea.ai/stage/
models,,,,unknown,,models,https://www.krea.ai/models/
articles,,,,unknown,,articles,https://www.krea.ai/articles/
nodes,,,,unknown,,nodes,https://www.krea.ai/features/nodes/
image editor,,image,,general-image,image related utility.,photo picture pic image editor,https://www.krea.ai/features/ai-image-editor/
video,,video,,general-video,video related utility.,clip footage video,https://www.krea.ai/video/
enhancer,,,,unknown,,enhancer,https://www.krea.ai/enhancer/
enhancer,,,,unknown,,enhancer,https://www.krea.ai/enhancer/
user,,,,unknown,,user,https://docs.krea.ai/user-guide/
introduction,,,,unknown,,introduction,https://docs.krea.ai/developers/introduction/
introduction,,,,unknown,,introduction,https://docs.krea.ai/api-reference/introduction/
discord,,,,unknown,,discord,https://krea.ai/discord/
text to image,,image,,general-image,image related utility.,photo picture pic text to image,https://docs.krea.ai/developers/examples/text-to-image/
interactiveexample,,,,unknown,,interactiveexample,https://docs.krea.ai/developers/interactiveexample/
krea1,,,,unknown,,krea1,https://docs.krea.ai/user-guide/features/krea1/
krea realtime 14b,,,,unknown,,krea realtime 14b,https://www.krea.ai/blog/krea-realtime-14b/
flux krea open source release,,,,unknown,,flux krea open source release,https://www.krea.ai/blog/flux-krea-open-source-release/
new krea,,,,unknown,,new krea,https://www.krea.ai/blog/new-krea/
introducing teams,,,,unknown,,introducing teams,https://www.krea.ai/blog/introducing-teams/
ship week,,,,unknown,,ship week,https://www.krea.ai/blog/ship-week/
enhance,enhance,,,enhance-general,"Improve quality of the content (sharpness, contrast, detail).",improve boost refine enhance,https://www.krea.ai/apps/enhance/
polaroid,,,,unknown,,polaroid,https://www.krea.ai/apps/polaroid/
sora 2,,,,unknown,,sora 2,https://www.krea.ai/apps/video/sora-2/
veo31,,,,unknown,,veo31,https://www.krea.ai/apps/video/veo31/
movie poster,,poster,,general-poster,poster related utility.,movie poster,https://www.krea.ai/apps/edit/movie-poster/
nano banana edit,,,,unknown,,nano banana edit,https://www.krea.ai/apps/edit/nano-banana-edit/
image to image,,image,,general-image,image related utility.,photo picture pic image to,https://www.krea.ai/apps/edit/image-to-image/
image,,image,,general-image,image related utility.,photo picture pic image,https://www.krea.ai/image/
image,,image,,general-image,image related utility.,photo picture pic image,https://www.krea.ai/image/
image,,image,,general-image,image related utility.,photo picture pic image,https://www.krea.ai/image/
krea 1,,,,unknown,,krea 1,https://www.krea.ai/models/krea-1/
nano banana pro,,,,unknown,,nano banana pro,https://www.krea.ai/models/nano-banana-pro/
kling,,,,unknown,,kling,https://www.krea.ai/models/kling/
runway,,,,unknown,,runway,https://www.krea.ai/models/runway/
sora2,,,,unknown,,sora2,https://www.krea.ai/models/sora2/
veo3,,,,unknown,,veo3,https://www.krea.ai/models/veo3/
veo3.1,,,,unknown,,veo3.1,https://www.krea.ai/models/veo3.1
freepik spaces vs krea nodes,,,,unknown,,freepik spaces vs krea nodes,https://www.krea.ai/articles/freepik-spaces-vs-krea-nodes/
weavy vs imagine art flow,,,,unknown,,weavy vs imagine art flow,https://www.krea.ai/articles/weavy-vs-imagine-art-flow/
top node based workflow,,,,unknown,,top node based workflow,https://www.krea.ai/articles/top-node-based-ai-workflow-apps/
figma weave vs fal,,,,unknown,,figma weave vs fal,https://www.krea.ai/articles/figma-weave-vs-fal/
flora vs figma weave,,,,unknown,,flora vs figma weave,https://www.krea.ai/articles/flora-vs-figma-weave/
invokeai vs flora,,,,unknown,,invokeai vs flora,https://www.krea.ai/articles/invokeai-vs-flora/
fal vs flora,,,,unknown,,fal vs flora,https://www.krea.ai/articles/fal-vs-flora/
sora 2,,,,unknown,,sora 2,https://www.krea.ai/articles/sora-2/
visual electric vs krea,,,,unknown,,visual electric vs krea,https://www.krea.ai/articles/visual-electric-vs-krea/
nano banana,,,,unknown,,nano banana,https://www.krea.ai/articles/nano-banana/
seedream 4,,,,unknown,,seedream 4,https://www.krea.ai/articles/seedream-4-guide/
midjourney vs krea,,,,unknown,,midjourney vs krea,https://www.krea.ai/articles/midjourney-vs-krea/
image generators 2025,,image,,general-image,image related utility.,photo picture pic image generators 2025,https://www.krea.ai/articles/ai-image-generators-2025/
postman,,,,unknown,,postman,https://docs.krea.ai/api-reference/postman/
get a job by id,,,,unknown,,get a job by id,https://docs.krea.ai/api-reference/general/get-a-job-by-id/
delete a job by id,,,,unknown,,delete a job by id,https://docs.krea.ai/api-reference/general/delete-a-job-by-id/
list assets,,,,unknown,,list assets,https://docs.krea.ai/api-reference/assets/list-assets/
upload an asset,,,,unknown,,upload an asset,https://docs.krea.ai/api-reference/assets/upload-an-asset/
get an asset,,,,unknown,,get an asset,https://docs.krea.ai/api-reference/assets/get-an-asset/
delete an asset,,,,unknown,,delete an asset,https://docs.krea.ai/api-reference/assets/delete-an-asset/
train a custom style lora,,,,unknown,,train a custom style lora,https://docs.krea.ai/api-reference/styles/train-a-custom-style-lora/
search styles,,,,unknown,,search styles,https://docs.krea.ai/api-reference/styles/search-styles/
get a single style by id,,,,unknown,,get a single style by id,https://docs.krea.ai/api-reference/styles/get-a-single-style-by-id/
update a style,,,,unknown,,update a style,https://docs.krea.ai/api-reference/styles/update-a-style/
get a shareable link for a style,,,,unknown,,get a shareable link for style,https://docs.krea.ai/api-reference/styles/get-a-shareable-link-for-a-style/
share a style with your workspace,,,,unknown,,share a style with your workspace,https://docs.krea.ai/api-reference/styles/share-a-style-with-your-workspace/
remove a style from your workspace,remove,,,remove-general,Remove unwanted parts or artifacts from the content.,erase delete strip remove a style from your workspace,https://docs.krea.ai/api-reference/styles/remove-a-style-from-your-workspace/
flux,,,,unknown,,flux,https://docs.krea.ai/api-reference/image/flux/
flux kontext,,,,unknown,,flux kontext,https://docs.krea.ai/api-reference/image/flux-kontext/
nano banana pro,,,,unknown,,nano banana pro,https://docs.krea.ai/api-reference/image/nano-banana-pro/
nano banana,,,,unknown,,nano banana,https://docs.krea.ai/api-reference/image/nano-banana/
flux 11 pro,,,,unknown,,flux 11 pro,https://docs.krea.ai/api-reference/image/flux-11-pro/
flux 11 pro ultra,,,,unknown,,flux 11 pro ultra,https://docs.krea.ai/api-reference/image/flux-11-pro-ultra/
ideogram 20a turbo,,,,unknown,,ideogram 20a turbo,https://docs.krea.ai/api-reference/image/ideogram-20a-turbo/
ideogram 30,,,,unknown,,ideogram 30,https://docs.krea.ai/api-reference/image/ideogram-30/
imagen 3,,,,unknown,,imagen 3,https://docs.krea.ai/api-reference/image/imagen-3/
imagen 4,,,,unknown,,imagen 4,https://docs.krea.ai/api-reference/image/imagen-4/
imagen 4 fast,,,,unknown,,imagen 4 fast,https://docs.krea.ai/api-reference/image/imagen-4-fast/
imagen 4 ultra,,,,unknown,,imagen 4 ultra,https://docs.krea.ai/api-reference/image/imagen-4-ultra/
runway gen 4,,,,unknown,,runway gen 4,https://docs.krea.ai/api-reference/image/runway-gen-4/
chatgpt image,,image,,general-image,image related utility.,photo picture pic chatgpt image,https://docs.krea.ai/api-reference/image/chatgpt-image/
seedream 3,,,,unknown,,seedream 3,https://docs.krea.ai/api-reference/image/seedream-3/
seedream 4,,,,unknown,,seedream 4,https://docs.krea.ai/api-reference/image/seedream-4/
seededit,,,,unknown,,seededit,https://docs.krea.ai/api-reference/image/seededit/
topaz generative,,,,unknown,,topaz generative,https://docs.krea.ai/api-reference/image-enhance/topaz-generative/
topaz,,,,unknown,,topaz,https://docs.krea.ai/api-reference/image-enhance/topaz/
bloom,,,,unknown,,bloom,https://docs.krea.ai/api-reference/image-enhance/bloom/
kling 10,,,,unknown,,kling 10,https://docs.krea.ai/api-reference/video/kling-10/
kling 15,,,,unknown,,kling 15,https://docs.krea.ai/api-reference/video/kling-15/
kling 16,,,,unknown,,kling 16,https://docs.krea.ai/api-reference/video/kling-16/
kling 20,,,,unknown,,kling 20,https://docs.krea.ai/api-reference/video/kling-20/
kling 21,,,,unknown,,kling 21,https://docs.krea.ai/api-reference/video/kling-21/
kling 25,,,,unknown,,kling 25,https://docs.krea.ai/api-reference/video/kling-25/
hailuo,,,,unknown,,hailuo,https://docs.krea.ai/api-reference/video/hailuo/
hailuo 02,,,,unknown,,hailuo 02,https://docs.krea.ai/api-reference/video/hailuo-02/
hailuo 23,,,,unknown,,hailuo 23,https://docs.krea.ai/api-reference/video/hailuo-23/
hailuo 23 fast,,,,unknown,,hailuo 23 fast,https://docs.krea.ai/api-reference/video/hailuo-23-fast/
pika 22,,,,unknown,,pika 22,https://docs.krea.ai/api-reference/video/pika-22/
wan 21,,,,unknown,,wan 21,https://docs.krea.ai/api-reference/video/wan-21/
wan 22,,,,unknown,,wan 22,https://docs.krea.ai/api-reference/video/wan-22/
wan 25,,,,unknown,,wan 25,https://docs.krea.ai/api-reference/video/wan-25/
veo 2,,,,unknown,,veo 2,https://docs.krea.ai/api-reference/video/veo-2/
veo 3,,,,unknown,,veo 3,https://docs.krea.ai/api-reference/video/veo-3/
veo 3 fast,,,,unknown,,veo 3 fast,https://docs.krea.ai/api-reference/video/veo-3-fast/
veo 31,,,,unknown,,veo 31,https://docs.krea.ai/api-reference/video/veo-31/
veo 31 fast,,,,unknown,,veo 31 fast,https://docs.krea.ai/api-reference/video/veo-31-fast/
seedance lite,,,,unknown,,seedance lite,https://docs.krea.ai/api-reference/video/seedance-lite/
seedance pro,,,,unknown,,seedance pro,https://docs.krea.ai/api-reference/video/seedance-pro/
seedance pro fast,,,,unknown,,seedance pro fast,https://docs.krea.ai/api-reference/video/seedance-pro-fast/
ray 2,,,,unknown,,ray 2,https://docs.krea.ai/api-reference/video/ray-2/
runway gen 3,,,,unknown,,runway gen 3,https://docs.krea.ai/api-reference/video/runway-gen-3/
runway gen 4,,,,unknown,,runway gen 4,https://docs.krea.ai/api-reference/video/runway-gen-4/
runway aleph,,,,unknown,,runway aleph,https://docs.krea.ai/api-reference/video/runway-aleph/
job lifecycle,,,,unknown,,job lifecycle,https://docs.krea.ai/developers/job-lifecycle/
webhooks,,,,unknown,,webhooks,https://docs.krea.ai/developers/webhooks/
rate limits,,,,unknown,,rate limits,https://docs.krea.ai/developers/rate-limits/
keys and billing,,,,unknown,,keys and billing,https://docs.krea.ai/developers/api-keys-and-billing/
what is krea,,,,unknown,,what is krea,https://docs.krea.ai/user-guide/get-started/what-is-krea/
krea image,,image,,general-image,image related utility.,photo picture pic krea image,https://docs.krea.ai/user-guide/features/krea-image/
video,,video,,general-video,video related utility.,clip footage video,https://docs.krea.ai/user-guide/features/video/
realtime,,,,unknown,,realtime,https://docs.krea.ai/user-guide/features/realtime/
enhancer,,,,unknown,,enhancer,https://docs.krea.ai/user-guide/features/enhancer/
edit,,,,unknown,,edit,https://docs.krea.ai/user-guide/features/edit/
training,,,,unknown,,training,https://docs.krea.ai/user-guide/features/training/
3d,,,,unknown,,3d,https://docs.krea.ai/user-guide/features/3d/
teams,,,,unknown,,teams,https://docs.krea.ai/user-guide/features/teams/
flux,,,,unknown,,flux,https://docs.krea.ai/user-guide/features/flux/
imagen4,,,,unknown,,imagen4,https://docs.krea.ai/user-guide/features/imagen4/
ideogram,,,,unknown,,ideogram,https://docs.krea.ai/user-guide/features/ideogram/
openai,,,,unknown,,openai,https://docs.krea.ai/user-guide/features/openai/
runway,,,,unknown,,runway,https://docs.krea.ai/user-guide/features/runway/
veo3,,,,unknown,,veo3,https://docs.krea.ai/user-guide/features/veo3/
manage subscriptions,,,,unknown,,manage subscriptions,https://docs.krea.ai/user-guide/help-and-support/manage-subscriptions/
compute units,,,,unknown,,compute units,https://docs.krea.ai/user-guide/help-and-support/compute-units/
refunds and billing,,,,unknown,,refunds and billing,https://docs.krea.ai/user-guide/help-and-support/refunds-and-billing/
krea image,,image,,general-image,image related utility.,photo picture pic krea image,https://docs.krea.ai/features/krea-image/
video,,video,,general-video,video related utility.,clip footage video,https://docs.krea.ai/features/video/
enhancer,,,,unknown,,enhancer,https://docs.krea.ai/features/enhancer/
realtime,,,,unknown,,realtime,https://docs.krea.ai/features/realtime/
edit,,,,unknown,,edit,https://docs.krea.ai/features/edit/
training,,,,unknown,,training,https://docs.krea.ai/features/training/
3d,,,,unknown,,3d,https://docs.krea.ai/features/3d/
krea1,,,,unknown,,krea1,https://docs.krea.ai/features/krea1/
veo3,,,,unknown,,veo3,https://docs.krea.ai/features/veo3/
openai,,,,unknown,,openai,https://docs.krea.ai/features/openai/
ideogram,,,,unknown,,ideogram,https://docs.krea.ai/features/ideogram/
runway,,,,unknown,,runway,https://docs.krea.ai/features/runway/
what is krea,,,,unknown,,what is krea,https://docs.krea.ai/get-started/what-is-krea/
krea 1,,,,unknown,,krea 1,https://krea.ai/krea-1/
image to image,,image,,general-image,image related utility.,photo picture pic image to,https://docs.krea.ai/developers/examples/image-to-image/
text to video,,text,,general-text,text related utility.,document copy text to video,https://docs.krea.ai/developers/examples/text-to-video/
image to video,,image,,general-image,image related utility.,photo picture pic image to video,https://docs.krea.ai/developers/examples/image-to-video/
train image style,,image,,general-image,image related utility.,photo picture pic train image style,https://docs.krea.ai/developers/tutorials/train-image-style/
tokens,,,,unknown,,tokens,https://www.krea.ai/settings/api-tokens/
introduction.mdx,,,,unknown,,introduction.mdx,https://docs.krea.ai/api-reference/introduction.mdx
flux,,,,unknown,,flux,https://docs.krea.ai/features/flux/
imagen4,,,,unknown,,imagen4,https://docs.krea.ai/features/imagen4/
image,,image,,general-image,image related utility.,photo picture pic image,https://krea.ai/image/
tokens,,,,unknown,,tokens,https://krea.ai/settings/api-tokens/
video,,video,,general-video,video related utility.,clip footage video,https://www.krea.ai/video/
provision,,,,unknown,,provision,https://www.krea.ai/provision/
settings,,,,unknown,,settings,https://www.krea.ai/settings/
video,,video,,general-video,video related utility.,clip footage video,https://www.krea.ai/video/
video,,video,,general-video,video related utility.,clip footage video,https://www.krea.ai/video/
